<ImportExportXml xmlns:xsi="http://www.w3.org/2001/XMLSchema-instance">
  <Entities></Entities>
  <Roles></Roles>
  <Workflows></Workflows>
  <FieldSecurityProfiles></FieldSecurityProfiles>
  <Templates />
  <EntityMaps />
  <EntityRelationships />
  <OrganizationSettings />
  <optionsets />
  <MobileOfflineProfiles>
    <MobileOfflineProfile MobileOfflineProfileId="8b43069a-ee4e-ef11-a316-00224811faa8" Name="autogenProfile-8a6c39a4-1f27-4cfb-8f5f-5291e0ae47ea-434">
      <MobileOfflineProfileItems />
      <MobileOfflineProfileId>{8b43069a-ee4e-ef11-a316-00224811faa8}</MobileOfflineProfileId>
      <Name>autogenProfile-8a6c39a4-1f27-4cfb-8f5f-5291e0ae47ea-434</Name>
    </MobileOfflineProfile>
  </MobileOfflineProfiles>
  <CustomControls />
  <EntityDataProviders />
  <CanvasApps>
    <CanvasApp>
      <Name>new_snake_82001</Name>
      <AppVersion>2024-08-03T07:05:26Z</AppVersion>
      <Status>Ready</Status>
      <CreatedByClientVersion>3.24074.14.0</CreatedByClientVersion>
      <MinClientVersion>3.24074.14.0</MinClientVersion>
      <Tags>{"primaryDeviceWidth":"1340","primaryDeviceHeight":"1179","supportsPortrait":"true","supportsLandscape":"true","primaryFormFactor":"Tablet","showStatusBar":"false","publisherVersion":"3.24074.14","minimumRequiredApiVersion":"2.2.0","hasComponent":"false","hasUnlockedComponent":"false","isUnifiedRootApp":"false","sienaVersion":"20240803T030943Z-3.24074.8.0"}</Tags>
      <IsCdsUpgraded>0</IsCdsUpgraded>
      <GalleryItemId xsi:nil="true"></GalleryItemId>
      <BackgroundColor>RGBA(0,176,240,1)</BackgroundColor>
      <DisplayName>Power Snake</DisplayName>
      <Description>Classic snake game inspired by the old Nokia games.</Description>
      <CommitMessage xsi:nil="true"></CommitMessage>
      <Publisher xsi:nil="true"></Publisher>
      <AuthorizationReferences>[]</AuthorizationReferences>
      <ConnectionReferences>{}</ConnectionReferences>
      <DatabaseReferences>{}</DatabaseReferences>
      <AppComponents>[]</AppComponents>
      <AppComponentDependencies>[]</AppComponentDependencies>
      <CanConsumeAppPass>1</CanConsumeAppPass>
      <CanvasAppType>0</CanvasAppType>
      <BypassConsent>0</BypassConsent>
      <AdminControlBypassConsent>0</AdminControlBypassConsent>
      <EmbeddedApp xsi:nil="true"></EmbeddedApp>
      <IntroducedVersion>1.0</IntroducedVersion>
      <CdsDependencies>{"cdsdependencies":[{"dependencyid":"8b43069a-ee4e-ef11-a316-00224811faa8","componenttype":161}]}</CdsDependencies>
      <IsCustomizable>1</IsCustomizable>
      <BackgroundImageUri>/CanvasApps/new_snake_82001_BackgroundImageUri</BackgroundImageUri>
      <DocumentUri>/CanvasApps/new_snake_82001_DocumentUri.msapp</DocumentUri>
      <AdditionalUris>
        <AdditionalUri>/CanvasApps/new_snake_82001_AdditionalUris0_identity.json</AdditionalUri>
      </AdditionalUris>
    </CanvasApp>
  </CanvasApps>
  <Languages>
    <Language>1033</Language>
  </Languages>
</ImportExportXml>